{
	"canvas_info": {
		"transform_matrix": [-1,0,0,-0.023,   0,1,0,-0.46907,   0,0,1,0.18755,  0,0,0,1],
		"plane_size": [0.4, 0.4],
		"picture_size": [1754, 1240],
		"tool_size": [0,0,0]
	}
}
